t_seconds,x,y
0,0,1
0.001,0.0188484397154,0.999921044204
0.002,0.0376901826699,0.999684189283
0.003,0.056518534482,0.999289472641
0.004,0.0753268055279,0.998736956606
0.005,0.0941083133185,0.998026728428
0.006,0.112856384873,0.997158900261
0.007,0.131564359092,0.996133609143
0.008,0.150225589121,0.994951016981
0.009,0.168833444713,0.99361131052
0.01,0.187381314586,0.992114701314
0.011,0.20586260877,0.990461425697
0.012,0.224270760949,0.988651744738
0.013,0.242599230795,0.986685944208
0.014,0.26084150629,0.984564334529
0.015,0.278991106039,0.982287250729
0.016,0.297041581577,0.979855052384
0.017,0.314986519655,0.977268123568
0.018,0.332819544523,0.974526872787
0.019,0.350534320191,0.971631732915
0.02,0.368124552685,0.968583161129
0.021,0.385583992277,0.965381638833
0.022,0.402906435714,0.962027671586
0.023,0.420085728412,0.958521789017
0.024,0.437115766651,0.954864544747
0.025,0.45399049974,0.951056516295
0.026,0.470703932165,0.947098304995
0.027,0.487250125725,0.942990535893
0.028,0.503623201636,0.938733857654
0.029,0.519817342621,0.934328942457
0.03,0.535826794979,0.929776485888
0.031,0.551645870628,0.925077206834
0.032,0.567268949127,0.920231847366
0.033,0.582690479669,0.915241172621
0.034,0.597904983058,0.910105970685
0.035,0.612907053653,0.904827052466
0.036,0.627691361291,0.899405251566
0.037,0.642252653177,0.893841424151
0.038,0.656585755753,0.888136448814
0.039,0.670685576537,0.882291226435
0.04,0.684547105929,0.876306680044
0.041,0.698165418993,0.87018375467
0.042,0.711535677209,0.863923417193
0.043,0.724653130187,0.857526656194
0.044,0.737513117358,0.850994481795
0.045,0.75011106963,0.844327925502
0.046,0.762442511011,0.837528040042
0.047,0.774503060199,0.830595899196
0.048,0.786288432137,0.823532597628
0.049,0.797794439539,0.816339250717
0.05,0.809016994375,0.809016994375
0.051,0.819952109325,0.801566984871
0.052,0.830595899196,0.793990398648
0.053,0.840944582298,0.786288432137
0.054,0.850994481795,0.778462301567
0.055,0.860742027004,0.770513242776
0.056,0.87018375467,0.762442511011
0.057,0.879316310191,0.754251380736
0.058,0.888136448814,0.745941145424
0.059,0.896641036785,0.737513117358
0.06,0.904827052466,0.728968627421
0.061,0.912691587404,0.720309024888
0.062,0.920231847366,0.711535677209
0.063,0.927445153335,0.702649969799
0.064,0.934328942457,0.693653305813
0.065,0.940880768954,0.684547105929
0.066,0.947098304995,0.675332808121
0.067,0.952979341517,0.666011867434
0.068,0.958521789017,0.656585755753
0.069,0.96372367829,0.647055961569
0.07,0.968583161129,0.637423989749
0.071,0.973098510982,0.627691361291
0.072,0.977268123568,0.61785961309
0.073,0.981090517443,0.607930297695
0.074,0.984564334529,0.597904983058
0.075,0.987688340595,0.587785252292
0.076,0.990461425697,0.577572703422
0.077,0.99288260457,0.567268949127
0.078,0.994951016981,0.556875616488
0.079,0.996665928034,0.546394346734
0.08,0.998026728428,0.535826794979
0.081,0.999032934678,0.525174629961
0.082,0.999684189283,0.514439533782
0.083,0.999980260856,0.503623201636
0.084,0.999921044204,0.492727341548
0.085,0.999506560366,0.481753674102
0.086,0.998736956606,0.470703932165
0.087,0.997612506361,0.459579860621
0.088,0.996133609143,0.44838321609
0.089,0.994300790397,0.437115766651
0.09,0.992114701314,0.425779291565
0.091,0.989576118603,0.414375580993
0.092,0.986685944208,0.402906435714
0.093,0.983445204995,0.391373666837
0.094,0.979855052384,0.379779095522
0.095,0.975916761939,0.368124552685
0.096,0.971631732915,0.356411878713
0.097,0.967001487762,0.344642923175
0.098,0.962027671586,0.332819544523
0.099,0.956712051559,0.320943609807
0.1,0.951056516295,0.309016994375
0.101,0.94506307518,0.297041581577
0.102,0.938733857654,0.28501926247
0.103,0.932071112458,0.272951935517
0.104,0.925077206834,0.26084150629
0.105,0.917754625684,0.248689887165
0.106,0.910105970685,0.236498997024
0.107,0.902133959368,0.224270760949
0.108,0.893841424151,0.212007109922
0.109,0.885231311332,0.199709980514
0.11,0.876306680044,0.187381314586
0.111,0.867070701164,0.175023058975
0.112,0.857526656194,0.162637165195
0.113,0.847677936085,0.150225589121
0.114,0.837528040042,0.137790290685
0.115,0.827080574275,0.125333233564
0.116,0.816339250717,0.112856384873
0.117,0.805307885711,0.100361714851
0.118,0.793990398648,0.0878511965507
0.119,0.782390810577,0.0753268055279
0.12,0.770513242776,0.0627905195293
0.121,0.758361915289,0.0502443181798
0.122,0.745941145424,0.0376901826699
0.123,0.733255346223,0.0251300954433
0.124,0.720309024888,0.0125660398834
0.125,0.707106781187,1.22464679915e-16
0.126,0.693653305813,-0.0125660398834
0.127,0.679953378722,-0.0251300954433
0.128,0.666011867434,-0.0376901826699
0.129,0.651833725301,-0.0502443181798
0.13,0.637423989749,-0.0627905195293
0.131,0.622787780488,-0.0753268055279
0.132,0.607930297695,-0.0878511965507
0.133,0.592856820161,-0.100361714851
0.134,0.577572703422,-0.112856384873
0.135,0.562083377852,-0.125333233564
0.136,0.546394346734,-0.137790290685
0.137,0.530511184307,-0.150225589121
0.138,0.514439533782,-0.162637165195
0.139,0.498185105339,-0.175023058975
0.14,0.481753674102,-0.187381314586
0.141,0.465151078077,-0.199709980514
0.142,0.44838321609,-0.212007109922
0.143,0.431456045681,-0.224270760949
0.144,0.414375580993,-0.236498997024
0.145,0.397147890635,-0.248689887165
0.146,0.379779095522,-0.26084150629
0.147,0.362275366705,-0.272951935517
0.148,0.344642923175,-0.28501926247
0.149,0.326888029655,-0.297041581577
0.15,0.309016994375,-0.309016994375
0.151,0.291036166828,-0.320943609807
0.152,0.272951935517,-0.332819544523
0.153,0.254770725683,-0.344642923175
0.154,0.236498997024,-0.356411878713
0.155,0.218143241397,-0.368124552685
0.156,0.199709980514,-0.379779095522
0.157,0.181205763627,-0.391373666837
0.158,0.162637165195,-0.402906435714
0.159,0.144010782552,-0.414375580993
0.16,0.125333233564,-0.425779291565
0.161,0.106611154275,-0.437115766651
0.162,0.0878511965507,-0.44838321609
0.163,0.0690600257144,-0.459579860621
0.164,0.0502443181798,-0.470703932165
0.165,0.0314107590781,-0.481753674102
0.166,0.0125660398834,-0.492727341548
0.167,-0.00628314396556,-0.503623201636
0.168,-0.0251300954433,-0.514439533782
0.169,-0.0439681183179,-0.525174629961
0.17,-0.0627905195293,-0.535826794979
0.171,-0.0815906115682,-0.546394346734
0.172,-0.100361714851,-0.556875616488
0.173,-0.119097160095,-0.567268949127
0.174,-0.137790290685,-0.577572703422
0.175,-0.15643446504,-0.587785252292
0.176,-0.175023058975,-0.597904983058
0.177,-0.193549468051,-0.607930297695
0.178,-0.212007109922,-0.61785961309
0.179,-0.230389426677,-0.627691361291
0.18,-0.248689887165,-0.637423989749
0.181,-0.26690198932,-0.647055961569
0.182,-0.28501926247,-0.656585755753
0.183,-0.303035269633,-0.666011867434
0.184,-0.320943609807,-0.675332808121
0.185,-0.338737920245,-0.684547105929
0.186,-0.356411878713,-0.693653305813
0.187,-0.373959205738,-0.702649969799
0.188,-0.391373666837,-0.711535677209
0.189,-0.408649074736,-0.720309024888
0.19,-0.425779291565,-0.728968627421
0.191,-0.442758231039,-0.737513117358
0.192,-0.459579860621,-0.745941145424
0.193,-0.476238203668,-0.754251380736
0.194,-0.492727341548,-0.762442511011
0.195,-0.50904141575,-0.770513242776
0.196,-0.525174629961,-0.778462301567
0.197,-0.541121252127,-0.786288432137
0.198,-0.556875616488,-0.793990398648
0.199,-0.572432125595,-0.801566984871
0.2,-0.587785252292,-0.809016994375
0.201,-0.602929541689,-0.816339250717
0.202,-0.61785961309,-0.823532597628
0.203,-0.632570161913,-0.830595899196
0.204,-0.647055961569,-0.837528040042
0.205,-0.661311865324,-0.844327925502
0.206,-0.675332808121,-0.850994481795
0.207,-0.689113808387,-0.857526656194
0.208,-0.702649969799,-0.863923417193
0.209,-0.715936483022,-0.87018375467
0.21,-0.728968627421,-0.876306680044
0.211,-0.741741772739,-0.882291226435
0.212,-0.754251380736,-0.888136448814
0.213,-0.766493006809,-0.893841424151
0.214,-0.778462301567,-0.899405251566
0.215,-0.790155012376,-0.904827052466
0.216,-0.801566984871,-0.910105970685
0.217,-0.812694164433,-0.915241172621
0.218,-0.823532597628,-0.920231847366
0.219,-0.834078433613,-0.925077206834
0.22,-0.844327925502,-0.929776485888
0.221,-0.854277431699,-0.934328942457
0.222,-0.863923417193,-0.938733857654
0.223,-0.87326245481,-0.942990535893
0.224,-0.882291226435,-0.947098304995
0.225,-0.891006524188,-0.951056516295
0.226,-0.899405251566,-0.954864544747
0.227,-0.907484424541,-0.958521789017
0.228,-0.915241172621,-0.962027671586
0.229,-0.92267273987,-0.965381638833
0.23,-0.929776485888,-0.968583161129
0.231,-0.936549886748,-0.971631732915
0.232,-0.942990535893,-0.974526872787
0.233,-0.94909614499,-0.977268123568
0.234,-0.954864544747,-0.979855052384
0.235,-0.960293685677,-0.982287250729
0.236,-0.965381638833,-0.984564334529
0.237,-0.97012659649,-0.986685944208
0.238,-0.974526872787,-0.988651744738
0.239,-0.978580904325,-0.990461425697
0.24,-0.982287250729,-0.992114701314
0.241,-0.985644595149,-0.99361131052
0.242,-0.988651744738,-0.994951016981
0.243,-0.99130763107,-0.996133609143
0.244,-0.99361131052,-0.997158900261
0.245,-0.995561964603,-0.998026728428
0.246,-0.997158900261,-0.998736956606
0.247,-0.998401550109,-0.999289472641
0.248,-0.999289472641,-0.999684189283
0.249,-0.999822352381,-0.999921044204
0.25,-1,-1
0.251,-0.999822352381,-0.999921044204
0.252,-0.999289472641,-0.999684189283
0.253,-0.998401550109,-0.999289472641
0.254,-0.997158900261,-0.998736956606
0.255,-0.995561964603,-0.998026728428
0.256,-0.99361131052,-0.997158900261
0.257,-0.99130763107,-0.996133609143
0.258,-0.988651744738,-0.994951016981
0.259,-0.985644595149,-0.99361131052
0.26,-0.982287250729,-0.992114701314
0.261,-0.978580904325,-0.990461425697
0.262,-0.974526872787,-0.988651744738
0.263,-0.97012659649,-0.986685944208
0.264,-0.965381638833,-0.984564334529
0.265,-0.960293685677,-0.982287250729
0.266,-0.954864544747,-0.979855052384
0.267,-0.94909614499,-0.977268123568
0.268,-0.942990535893,-0.974526872787
0.269,-0.936549886748,-0.971631732915
0.27,-0.929776485888,-0.968583161129
0.271,-0.92267273987,-0.965381638833
0.272,-0.915241172621,-0.962027671586
0.273,-0.907484424541,-0.958521789017
0.274,-0.899405251566,-0.954864544747
0.275,-0.891006524188,-0.951056516295
0.276,-0.882291226435,-0.947098304995
0.277,-0.87326245481,-0.942990535893
0.278,-0.863923417193,-0.938733857654
0.279,-0.854277431699,-0.934328942457
0.28,-0.844327925502,-0.929776485888
0.281,-0.834078433613,-0.925077206834
0.282,-0.823532597628,-0.920231847366
0.283,-0.812694164433,-0.915241172621
0.284,-0.801566984871,-0.910105970685
0.285,-0.790155012376,-0.904827052466
0.286,-0.778462301567,-0.899405251566
0.287,-0.766493006809,-0.893841424151
0.288,-0.754251380736,-0.888136448814
0.289,-0.741741772739,-0.882291226435
0.29,-0.728968627421,-0.876306680044
0.291,-0.715936483022,-0.87018375467
0.292,-0.702649969799,-0.863923417193
0.293,-0.689113808387,-0.857526656194
0.294,-0.675332808121,-0.850994481795
0.295,-0.661311865324,-0.844327925502
0.296,-0.647055961569,-0.837528040042
0.297,-0.632570161913,-0.830595899196
0.298,-0.61785961309,-0.823532597628
0.299,-0.602929541689,-0.816339250717
0.3,-0.587785252292,-0.809016994375
0.301,-0.572432125595,-0.801566984871
0.302,-0.556875616488,-0.793990398648
0.303,-0.541121252127,-0.786288432137
0.304,-0.525174629961,-0.778462301567
0.305,-0.50904141575,-0.770513242776
0.306,-0.492727341548,-0.762442511011
0.307,-0.476238203668,-0.754251380736
0.308,-0.459579860621,-0.745941145424
0.309,-0.442758231039,-0.737513117358
0.31,-0.425779291565,-0.728968627421
0.311,-0.408649074736,-0.720309024888
0.312,-0.391373666837,-0.711535677209
0.313,-0.373959205738,-0.702649969799
0.314,-0.356411878713,-0.693653305813
0.315,-0.338737920245,-0.684547105929
0.316,-0.320943609807,-0.675332808121
0.317,-0.303035269633,-0.666011867434
0.318,-0.28501926247,-0.656585755753
0.319,-0.26690198932,-0.647055961569
0.32,-0.248689887165,-0.637423989749
0.321,-0.230389426677,-0.627691361291
0.322,-0.212007109922,-0.61785961309
0.323,-0.193549468051,-0.607930297695
0.324,-0.175023058975,-0.597904983058
0.325,-0.15643446504,-0.587785252292
0.326,-0.137790290685,-0.577572703422
0.327,-0.119097160095,-0.567268949127
0.328,-0.100361714851,-0.556875616488
0.329,-0.0815906115682,-0.546394346734
0.33,-0.0627905195293,-0.535826794979
0.331,-0.0439681183179,-0.525174629961
0.332,-0.0251300954433,-0.514439533782
0.333,-0.00628314396556,-0.503623201636
0.334,0.0125660398834,-0.492727341548
0.335,0.0314107590781,-0.481753674102
0.336,0.0502443181798,-0.470703932165
0.337,0.0690600257144,-0.459579860621
0.338,0.0878511965507,-0.44838321609
0.339,0.106611154275,-0.437115766651
0.34,0.125333233564,-0.425779291565
0.341,0.144010782552,-0.414375580993
0.342,0.162637165195,-0.402906435714
0.343,0.181205763627,-0.391373666837
0.344,0.199709980514,-0.379779095522
0.345,0.218143241397,-0.368124552685
0.346,0.236498997024,-0.356411878713
0.347,0.254770725683,-0.344642923175
0.348,0.272951935517,-0.332819544523
0.349,0.291036166828,-0.320943609807
0.35,0.309016994375,-0.309016994375
0.351,0.326888029655,-0.297041581577
0.352,0.344642923175,-0.28501926247
0.353,0.362275366705,-0.272951935517
0.354,0.379779095522,-0.26084150629
0.355,0.397147890635,-0.248689887165
0.356,0.414375580993,-0.236498997024
0.357,0.431456045681,-0.224270760949
0.358,0.44838321609,-0.212007109922
0.359,0.465151078077,-0.199709980514
0.36,0.481753674102,-0.187381314586
0.361,0.498185105339,-0.175023058975
0.362,0.514439533782,-0.162637165195
0.363,0.530511184307,-0.150225589121
0.364,0.546394346734,-0.137790290685
0.365,0.562083377852,-0.125333233564
0.366,0.577572703422,-0.112856384873
0.367,0.592856820161,-0.100361714851
0.368,0.607930297695,-0.0878511965507
0.369,0.622787780488,-0.0753268055279
0.37,0.637423989749,-0.0627905195293
0.371,0.651833725301,-0.0502443181798
0.372,0.666011867434,-0.0376901826699
0.373,0.679953378722,-0.0251300954433
0.374,0.693653305813,-0.0125660398834
0.375,0.707106781187,-2.44929359829e-16
0.376,0.720309024888,0.0125660398834
0.377,0.733255346223,0.0251300954433
0.378,0.745941145424,0.0376901826699
0.379,0.758361915289,0.0502443181798
0.38,0.770513242776,0.0627905195293
0.381,0.782390810577,0.0753268055279
0.382,0.793990398648,0.0878511965507
0.383,0.805307885711,0.100361714851
0.384,0.816339250717,0.112856384873
0.385,0.827080574275,0.125333233564
0.386,0.837528040042,0.137790290685
0.387,0.847677936085,0.150225589121
0.388,0.857526656194,0.162637165195
0.389,0.867070701164,0.175023058975
0.39,0.876306680044,0.187381314586
0.391,0.885231311332,0.199709980514
0.392,0.893841424151,0.212007109922
0.393,0.902133959368,0.224270760949
0.394,0.910105970685,0.236498997024
0.395,0.917754625684,0.248689887165
0.396,0.925077206834,0.26084150629
0.397,0.932071112458,0.272951935517
0.398,0.938733857654,0.28501926247
0.399,0.94506307518,0.297041581577
0.4,0.951056516295,0.309016994375
0.401,0.956712051559,0.320943609807
0.402,0.962027671586,0.332819544523
0.403,0.967001487762,0.344642923175
0.404,0.971631732915,0.356411878713
0.405,0.975916761939,0.368124552685
0.406,0.979855052384,0.379779095522
0.407,0.983445204995,0.391373666837
0.408,0.986685944208,0.402906435714
0.409,0.989576118603,0.414375580993
0.41,0.992114701314,0.425779291565
0.411,0.994300790397,0.437115766651
0.412,0.996133609143,0.44838321609
0.413,0.997612506361,0.459579860621
0.414,0.998736956606,0.470703932165
0.415,0.999506560366,0.481753674102
0.416,0.999921044204,0.492727341548
0.417,0.999980260856,0.503623201636
0.418,0.999684189283,0.514439533782
0.419,0.999032934678,0.525174629961
0.42,0.998026728428,0.535826794979
0.421,0.996665928034,0.546394346734
0.422,0.994951016981,0.556875616488
0.423,0.99288260457,0.567268949127
0.424,0.990461425697,0.577572703422
0.425,0.987688340595,0.587785252292
0.426,0.984564334529,0.597904983058
0.427,0.981090517443,0.607930297695
0.428,0.977268123568,0.61785961309
0.429,0.973098510982,0.627691361291
0.43,0.968583161129,0.637423989749
0.431,0.96372367829,0.647055961569
0.432,0.958521789017,0.656585755753
0.433,0.952979341517,0.666011867434
0.434,0.947098304995,0.675332808121
0.435,0.940880768954,0.684547105929
0.436,0.934328942457,0.693653305813
0.437,0.927445153335,0.702649969799
0.438,0.920231847366,0.711535677209
0.439,0.912691587404,0.720309024888
0.44,0.904827052466,0.728968627421
0.441,0.896641036785,0.737513117358
0.442,0.888136448814,0.745941145424
0.443,0.879316310191,0.754251380736
0.444,0.87018375467,0.762442511011
0.445,0.860742027004,0.770513242776
0.446,0.850994481795,0.778462301567
0.447,0.840944582298,0.786288432137
0.448,0.830595899196,0.793990398648
0.449,0.819952109325,0.801566984871
0.45,0.809016994375,0.809016994375
0.451,0.797794439539,0.816339250717
0.452,0.786288432137,0.823532597628
0.453,0.774503060199,0.830595899196
0.454,0.762442511011,0.837528040042
0.455,0.75011106963,0.844327925502
0.456,0.737513117358,0.850994481795
0.457,0.724653130187,0.857526656194
0.458,0.711535677209,0.863923417193
0.459,0.698165418993,0.87018375467
0.46,0.684547105929,0.876306680044
0.461,0.670685576537,0.882291226435
0.462,0.656585755753,0.888136448814
0.463,0.642252653177,0.893841424151
0.464,0.627691361291,0.899405251566
0.465,0.612907053653,0.904827052466
0.466,0.597904983058,0.910105970685
0.467,0.582690479669,0.915241172621
0.468,0.567268949127,0.920231847366
0.469,0.551645870628,0.925077206834
0.47,0.535826794979,0.929776485888
0.471,0.519817342621,0.934328942457
0.472,0.503623201636,0.938733857654
0.473,0.487250125725,0.942990535893
0.474,0.470703932165,0.947098304995
0.475,0.45399049974,0.951056516295
0.476,0.437115766651,0.954864544747
0.477,0.420085728412,0.958521789017
0.478,0.402906435714,0.962027671586
0.479,0.385583992277,0.965381638833
0.48,0.368124552685,0.968583161129
0.481,0.350534320191,0.971631732915
0.482,0.332819544523,0.974526872787
0.483,0.314986519655,0.977268123568
0.484,0.297041581577,0.979855052384
0.485,0.278991106039,0.982287250729
0.486,0.26084150629,0.984564334529
0.487,0.242599230795,0.986685944208
0.488,0.224270760949,0.988651744738
0.489,0.20586260877,0.990461425697
0.49,0.187381314586,0.992114701314
0.491,0.168833444713,0.99361131052
0.492,0.150225589121,0.994951016981
0.493,0.131564359092,0.996133609143
0.494,0.112856384873,0.997158900261
0.495,0.0941083133185,0.998026728428
0.496,0.0753268055279,0.998736956606
0.497,0.056518534482,0.999289472641
0.498,0.0376901826699,0.999684189283
0.499,0.0188484397154,0.999921044204
0.5,3.67394039744e-16,1
0.501,-0.0188484397154,0.999921044204
0.502,-0.0376901826699,0.999684189283
0.503,-0.056518534482,0.999289472641
0.504,-0.0753268055279,0.998736956606
0.505,-0.0941083133185,0.998026728428
0.506,-0.112856384873,0.997158900261
0.507,-0.131564359092,0.996133609143
0.508,-0.150225589121,0.994951016981
0.509,-0.168833444713,0.99361131052
0.51,-0.187381314586,0.992114701314
0.511,-0.20586260877,0.990461425697
0.512,-0.224270760949,0.988651744738
0.513,-0.242599230795,0.986685944208
0.514,-0.26084150629,0.984564334529
0.515,-0.278991106039,0.982287250729
0.516,-0.297041581577,0.979855052384
0.517,-0.314986519655,0.977268123568
0.518,-0.332819544523,0.974526872787
0.519,-0.350534320191,0.971631732915
0.52,-0.368124552685,0.968583161129
0.521,-0.385583992277,0.965381638833
0.522,-0.402906435714,0.962027671586
0.523,-0.420085728412,0.958521789017
0.524,-0.437115766651,0.954864544747
0.525,-0.45399049974,0.951056516295
0.526,-0.470703932165,0.947098304995
0.527,-0.487250125725,0.942990535893
0.528,-0.503623201636,0.938733857654
0.529,-0.519817342621,0.934328942457
0.53,-0.535826794979,0.929776485888
0.531,-0.551645870628,0.925077206834
0.532,-0.567268949127,0.920231847366
0.533,-0.582690479669,0.915241172621
0.534,-0.597904983058,0.910105970685
0.535,-0.612907053653,0.904827052466
0.536,-0.627691361291,0.899405251566
0.537,-0.642252653177,0.893841424151
0.538,-0.656585755753,0.888136448814
0.539,-0.670685576537,0.882291226435
0.54,-0.684547105929,0.876306680044
0.541,-0.698165418993,0.87018375467
0.542,-0.711535677209,0.863923417193
0.543,-0.724653130187,0.857526656194
0.544,-0.737513117358,0.850994481795
0.545,-0.75011106963,0.844327925502
0.546,-0.762442511011,0.837528040042
0.547,-0.774503060199,0.830595899196
0.548,-0.786288432137,0.823532597628
0.549,-0.797794439539,0.816339250717
0.55,-0.809016994375,0.809016994375
0.551,-0.819952109325,0.801566984871
0.552,-0.830595899196,0.793990398648
0.553,-0.840944582298,0.786288432137
0.554,-0.850994481795,0.778462301567
0.555,-0.860742027004,0.770513242776
0.556,-0.87018375467,0.762442511011
0.557,-0.879316310191,0.754251380736
0.558,-0.888136448814,0.745941145424
0.559,-0.896641036785,0.737513117358
0.56,-0.904827052466,0.728968627421
0.561,-0.912691587404,0.720309024888
0.562,-0.920231847366,0.711535677209
0.563,-0.927445153335,0.702649969799
0.564,-0.934328942457,0.693653305813
0.565,-0.940880768954,0.684547105929
0.566,-0.947098304995,0.675332808121
0.567,-0.952979341517,0.666011867434
0.568,-0.958521789017,0.656585755753
0.569,-0.96372367829,0.647055961569
0.57,-0.968583161129,0.637423989749
0.571,-0.973098510982,0.627691361291
0.572,-0.977268123568,0.61785961309
0.573,-0.981090517443,0.607930297695
0.574,-0.984564334529,0.597904983058
0.575,-0.987688340595,0.587785252292
0.576,-0.990461425697,0.577572703422
0.577,-0.99288260457,0.567268949127
0.578,-0.994951016981,0.556875616488
0.579,-0.996665928034,0.546394346734
0.58,-0.998026728428,0.535826794979
0.581,-0.999032934678,0.525174629961
0.582,-0.999684189283,0.514439533782
0.583,-0.999980260856,0.503623201636
0.584,-0.999921044204,0.492727341548
0.585,-0.999506560366,0.481753674102
0.586,-0.998736956606,0.470703932165
0.587,-0.997612506361,0.459579860621
0.588,-0.996133609143,0.44838321609
0.589,-0.994300790397,0.437115766651
0.59,-0.992114701314,0.425779291565
0.591,-0.989576118603,0.414375580993
0.592,-0.986685944208,0.402906435714
0.593,-0.983445204995,0.391373666837
0.594,-0.979855052384,0.379779095522
0.595,-0.975916761939,0.368124552685
0.596,-0.971631732915,0.356411878713
0.597,-0.967001487762,0.344642923175
0.598,-0.962027671586,0.332819544523
0.599,-0.956712051559,0.320943609807
0.6,-0.951056516295,0.309016994375
0.601,-0.94506307518,0.297041581577
0.602,-0.938733857654,0.28501926247
0.603,-0.932071112458,0.272951935517
0.604,-0.925077206834,0.26084150629
0.605,-0.917754625684,0.248689887165
0.606,-0.910105970685,0.236498997024
0.607,-0.902133959368,0.224270760949
0.608,-0.893841424151,0.212007109922
0.609,-0.885231311332,0.199709980514
0.61,-0.876306680044,0.187381314586
0.611,-0.867070701164,0.175023058975
0.612,-0.857526656194,0.162637165195
0.613,-0.847677936085,0.150225589121
0.614,-0.837528040042,0.137790290685
0.615,-0.827080574275,0.125333233564
0.616,-0.816339250717,0.112856384873
0.617,-0.805307885711,0.100361714851
0.618,-0.793990398648,0.0878511965507
0.619,-0.782390810577,0.0753268055279
0.62,-0.770513242776,0.0627905195293
0.621,-0.758361915289,0.0502443181798
0.622,-0.745941145424,0.0376901826699
0.623,-0.733255346223,0.0251300954433
0.624,-0.720309024888,0.0125660398834
0.625,-0.707106781187,3.67394039744e-16
0.626,-0.693653305813,-0.0125660398834
0.627,-0.679953378722,-0.0251300954433
0.628,-0.666011867434,-0.0376901826699
0.629,-0.651833725301,-0.0502443181798
0.63,-0.637423989749,-0.0627905195293
0.631,-0.622787780488,-0.0753268055279
0.632,-0.607930297695,-0.0878511965507
0.633,-0.592856820161,-0.100361714851
0.634,-0.577572703422,-0.112856384873
0.635,-0.562083377852,-0.125333233564
0.636,-0.546394346734,-0.137790290685
0.637,-0.530511184307,-0.150225589121
0.638,-0.514439533782,-0.162637165195
0.639,-0.498185105339,-0.175023058975
0.64,-0.481753674102,-0.187381314586
0.641,-0.465151078077,-0.199709980514
0.642,-0.44838321609,-0.212007109922
0.643,-0.431456045681,-0.224270760949
0.644,-0.414375580993,-0.236498997024
0.645,-0.397147890635,-0.248689887165
0.646,-0.379779095522,-0.26084150629
0.647,-0.362275366705,-0.272951935517
0.648,-0.344642923175,-0.28501926247
0.649,-0.326888029655,-0.297041581577
0.65,-0.309016994375,-0.309016994375
0.651,-0.291036166828,-0.320943609807
0.652,-0.272951935517,-0.332819544523
0.653,-0.254770725683,-0.344642923175
0.654,-0.236498997024,-0.356411878713
0.655,-0.218143241397,-0.368124552685
0.656,-0.199709980514,-0.379779095522
0.657,-0.181205763627,-0.391373666837
0.658,-0.162637165195,-0.402906435714
0.659,-0.144010782552,-0.414375580993
0.66,-0.125333233564,-0.425779291565
0.661,-0.106611154275,-0.437115766651
0.662,-0.0878511965507,-0.44838321609
0.663,-0.0690600257144,-0.459579860621
0.664,-0.0502443181798,-0.470703932165
0.665,-0.0314107590781,-0.481753674102
0.666,-0.0125660398834,-0.492727341548
0.667,0.00628314396556,-0.503623201636
0.668,0.0251300954433,-0.514439533782
0.669,0.0439681183179,-0.525174629961
0.67,0.0627905195293,-0.535826794979
0.671,0.0815906115682,-0.546394346734
0.672,0.100361714851,-0.556875616488
0.673,0.119097160095,-0.567268949127
0.674,0.137790290685,-0.577572703422
0.675,0.15643446504,-0.587785252292
0.676,0.175023058975,-0.597904983058
0.677,0.193549468051,-0.607930297695
0.678,0.212007109922,-0.61785961309
0.679,0.230389426677,-0.627691361291
0.68,0.248689887165,-0.637423989749
0.681,0.26690198932,-0.647055961569
0.682,0.28501926247,-0.656585755753
0.683,0.303035269633,-0.666011867434
0.684,0.320943609807,-0.675332808121
0.685,0.338737920245,-0.684547105929
0.686,0.356411878713,-0.693653305813
0.687,0.373959205738,-0.702649969799
0.688,0.391373666837,-0.711535677209
0.689,0.408649074736,-0.720309024888
0.69,0.425779291565,-0.728968627421
0.691,0.442758231039,-0.737513117358
0.692,0.459579860621,-0.745941145424
0.693,0.476238203668,-0.754251380736
0.694,0.492727341548,-0.762442511011
0.695,0.50904141575,-0.770513242776
0.696,0.525174629961,-0.778462301567
0.697,0.541121252127,-0.786288432137
0.698,0.556875616488,-0.793990398648
0.699,0.572432125595,-0.801566984871
0.7,0.587785252292,-0.809016994375
0.701,0.602929541689,-0.816339250717
0.702,0.61785961309,-0.823532597628
0.703,0.632570161913,-0.830595899196
0.704,0.647055961569,-0.837528040042
0.705,0.661311865324,-0.844327925502
0.706,0.675332808121,-0.850994481795
0.707,0.689113808387,-0.857526656194
0.708,0.702649969799,-0.863923417193
0.709,0.715936483022,-0.87018375467
0.71,0.728968627421,-0.876306680044
0.711,0.741741772739,-0.882291226435
0.712,0.754251380736,-0.888136448814
0.713,0.766493006809,-0.893841424151
0.714,0.778462301567,-0.899405251566
0.715,0.790155012376,-0.904827052466
0.716,0.801566984871,-0.910105970685
0.717,0.812694164433,-0.915241172621
0.718,0.823532597628,-0.920231847366
0.719,0.834078433613,-0.925077206834
0.72,0.844327925502,-0.929776485888
0.721,0.854277431699,-0.934328942457
0.722,0.863923417193,-0.938733857654
0.723,0.87326245481,-0.942990535893
0.724,0.882291226435,-0.947098304995
0.725,0.891006524188,-0.951056516295
0.726,0.899405251566,-0.954864544747
0.727,0.907484424541,-0.958521789017
0.728,0.915241172621,-0.962027671586
0.729,0.92267273987,-0.965381638833
0.73,0.929776485888,-0.968583161129
0.731,0.936549886748,-0.971631732915
0.732,0.942990535893,-0.974526872787
0.733,0.94909614499,-0.977268123568
0.734,0.954864544747,-0.979855052384
0.735,0.960293685677,-0.982287250729
0.736,0.965381638833,-0.984564334529
0.737,0.97012659649,-0.986685944208
0.738,0.974526872787,-0.988651744738
0.739,0.978580904325,-0.990461425697
0.74,0.982287250729,-0.992114701314
0.741,0.985644595149,-0.99361131052
0.742,0.988651744738,-0.994951016981
0.743,0.99130763107,-0.996133609143
0.744,0.99361131052,-0.997158900261
0.745,0.995561964603,-0.998026728428
0.746,0.997158900261,-0.998736956606
0.747,0.998401550109,-0.999289472641
0.748,0.999289472641,-0.999684189283
0.749,0.999822352381,-0.999921044204
0.75,1,-1
0.751,0.999822352381,-0.999921044204
0.752,0.999289472641,-0.999684189283
0.753,0.998401550109,-0.999289472641
0.754,0.997158900261,-0.998736956606
0.755,0.995561964603,-0.998026728428
0.756,0.99361131052,-0.997158900261
0.757,0.99130763107,-0.996133609143
0.758,0.988651744738,-0.994951016981
0.759,0.985644595149,-0.99361131052
0.76,0.982287250729,-0.992114701314
0.761,0.978580904325,-0.990461425697
0.762,0.974526872787,-0.988651744738
0.763,0.97012659649,-0.986685944208
0.764,0.965381638833,-0.984564334529
0.765,0.960293685677,-0.982287250729
0.766,0.954864544747,-0.979855052384
0.767,0.94909614499,-0.977268123568
0.768,0.942990535893,-0.974526872787
0.769,0.936549886748,-0.971631732915
0.77,0.929776485888,-0.968583161129
0.771,0.92267273987,-0.965381638833
0.772,0.915241172621,-0.962027671586
0.773,0.907484424541,-0.958521789017
0.774,0.899405251566,-0.954864544747
0.775,0.891006524188,-0.951056516295
0.776,0.882291226435,-0.947098304995
0.777,0.87326245481,-0.942990535893
0.778,0.863923417193,-0.938733857654
0.779,0.854277431699,-0.934328942457
0.78,0.844327925502,-0.929776485888
0.781,0.834078433613,-0.925077206834
0.782,0.823532597628,-0.920231847366
0.783,0.812694164433,-0.915241172621
0.784,0.801566984871,-0.910105970685
0.785,0.790155012376,-0.904827052466
0.786,0.778462301567,-0.899405251566
0.787,0.766493006809,-0.893841424151
0.788,0.754251380736,-0.888136448814
0.789,0.741741772739,-0.882291226435
0.79,0.728968627421,-0.876306680044
0.791,0.715936483022,-0.87018375467
0.792,0.702649969799,-0.863923417193
0.793,0.689113808387,-0.857526656194
0.794,0.675332808121,-0.850994481795
0.795,0.661311865324,-0.844327925502
0.796,0.647055961569,-0.837528040042
0.797,0.632570161913,-0.830595899196
0.798,0.61785961309,-0.823532597628
0.799,0.602929541689,-0.816339250717
0.8,0.587785252292,-0.809016994375
0.801,0.572432125595,-0.801566984871
0.802,0.556875616488,-0.793990398648
0.803,0.541121252127,-0.786288432137
0.804,0.525174629961,-0.778462301567
0.805,0.50904141575,-0.770513242776
0.806,0.492727341548,-0.762442511011
0.807,0.476238203668,-0.754251380736
0.808,0.459579860621,-0.745941145424
0.809,0.442758231039,-0.737513117358
0.81,0.425779291565,-0.728968627421
0.811,0.408649074736,-0.720309024888
0.812,0.391373666837,-0.711535677209
0.813,0.373959205738,-0.702649969799
0.814,0.356411878713,-0.693653305813
0.815,0.338737920245,-0.684547105929
0.816,0.320943609807,-0.675332808121
0.817,0.303035269633,-0.666011867434
0.818,0.28501926247,-0.656585755753
0.819,0.26690198932,-0.647055961569
0.82,0.248689887165,-0.637423989749
0.821,0.230389426677,-0.627691361291
0.822,0.212007109922,-0.61785961309
0.823,0.193549468051,-0.607930297695
0.824,0.175023058975,-0.597904983058
0.825,0.15643446504,-0.587785252292
0.826,0.137790290685,-0.577572703422
0.827,0.119097160095,-0.567268949127
0.828,0.100361714851,-0.556875616488
0.829,0.0815906115682,-0.546394346734
0.83,0.0627905195293,-0.535826794979
0.831,0.0439681183179,-0.525174629961
0.832,0.0251300954433,-0.514439533782
0.833,0.00628314396556,-0.503623201636
0.834,-0.0125660398834,-0.492727341548
0.835,-0.0314107590781,-0.481753674102
0.836,-0.0502443181798,-0.470703932165
0.837,-0.0690600257144,-0.459579860621
0.838,-0.0878511965507,-0.44838321609
0.839,-0.106611154275,-0.437115766651
0.84,-0.125333233564,-0.425779291565
0.841,-0.144010782552,-0.414375580993
0.842,-0.162637165195,-0.402906435714
0.843,-0.181205763627,-0.391373666837
0.844,-0.199709980514,-0.379779095522
0.845,-0.218143241397,-0.368124552685
0.846,-0.236498997024,-0.356411878713
0.847,-0.254770725683,-0.344642923175
0.848,-0.272951935517,-0.332819544523
0.849,-0.291036166828,-0.320943609807
0.85,-0.309016994375,-0.309016994375
0.851,-0.326888029655,-0.297041581577
0.852,-0.344642923175,-0.28501926247
0.853,-0.362275366705,-0.272951935517
0.854,-0.379779095522,-0.26084150629
0.855,-0.397147890635,-0.248689887165
0.856,-0.414375580993,-0.236498997024
0.857,-0.431456045681,-0.224270760949
0.858,-0.44838321609,-0.212007109922
0.859,-0.465151078077,-0.199709980514
0.86,-0.481753674102,-0.187381314586
0.861,-0.498185105339,-0.175023058975
0.862,-0.514439533782,-0.162637165195
0.863,-0.530511184307,-0.150225589121
0.864,-0.546394346734,-0.137790290685
0.865,-0.562083377852,-0.125333233564
0.866,-0.577572703422,-0.112856384873
0.867,-0.592856820161,-0.100361714851
0.868,-0.607930297695,-0.0878511965507
0.869,-0.622787780488,-0.0753268055279
0.87,-0.637423989749,-0.0627905195293
0.871,-0.651833725301,-0.0502443181798
0.872,-0.666011867434,-0.0376901826699
0.873,-0.679953378722,-0.0251300954433
0.874,-0.693653305813,-0.0125660398834
0.875,-0.707106781187,-4.89858719659e-16
0.876,-0.720309024888,0.0125660398834
0.877,-0.733255346223,0.0251300954433
0.878,-0.745941145424,0.0376901826699
0.879,-0.758361915289,0.0502443181798
0.88,-0.770513242776,0.0627905195293
0.881,-0.782390810577,0.0753268055279
0.882,-0.793990398648,0.0878511965507
0.883,-0.805307885711,0.100361714851
0.884,-0.816339250717,0.112856384873
0.885,-0.827080574275,0.125333233564
0.886,-0.837528040042,0.137790290685
0.887,-0.847677936085,0.150225589121
0.888,-0.857526656194,0.162637165195
0.889,-0.867070701164,0.175023058975
0.89,-0.876306680044,0.187381314586
0.891,-0.885231311332,0.199709980514
0.892,-0.893841424151,0.212007109922
0.893,-0.902133959368,0.224270760949
0.894,-0.910105970685,0.236498997024
0.895,-0.917754625684,0.248689887165
0.896,-0.925077206834,0.26084150629
0.897,-0.932071112458,0.272951935517
0.898,-0.938733857654,0.28501926247
0.899,-0.94506307518,0.297041581577
0.9,-0.951056516295,0.309016994375
0.901,-0.956712051559,0.320943609807
0.902,-0.962027671586,0.332819544523
0.903,-0.967001487762,0.344642923175
0.904,-0.971631732915,0.356411878713
0.905,-0.975916761939,0.368124552685
0.906,-0.979855052384,0.379779095522
0.907,-0.983445204995,0.391373666837
0.908,-0.986685944208,0.402906435714
0.909,-0.989576118603,0.414375580993
0.91,-0.992114701314,0.425779291565
0.911,-0.994300790397,0.437115766651
0.912,-0.996133609143,0.44838321609
0.913,-0.997612506361,0.459579860621
0.914,-0.998736956606,0.470703932165
0.915,-0.999506560366,0.481753674102
0.916,-0.999921044204,0.492727341548
0.917,-0.999980260856,0.503623201636
0.918,-0.999684189283,0.514439533782
0.919,-0.999032934678,0.525174629961
0.92,-0.998026728428,0.535826794979
0.921,-0.996665928034,0.546394346734
0.922,-0.994951016981,0.556875616488
0.923,-0.99288260457,0.567268949127
0.924,-0.990461425697,0.577572703422
0.925,-0.987688340595,0.587785252292
0.926,-0.984564334529,0.597904983058
0.927,-0.981090517443,0.607930297695
0.928,-0.977268123568,0.61785961309
0.929,-0.973098510982,0.627691361291
0.93,-0.968583161129,0.637423989749
0.931,-0.96372367829,0.647055961569
0.932,-0.958521789017,0.656585755753
0.933,-0.952979341517,0.666011867434
0.934,-0.947098304995,0.675332808121
0.935,-0.940880768954,0.684547105929
0.936,-0.934328942457,0.693653305813
0.937,-0.927445153335,0.702649969799
0.938,-0.920231847366,0.711535677209
0.939,-0.912691587404,0.720309024888
0.94,-0.904827052466,0.728968627421
0.941,-0.896641036785,0.737513117358
0.942,-0.888136448814,0.745941145424
0.943,-0.879316310191,0.754251380736
0.944,-0.87018375467,0.762442511011
0.945,-0.860742027004,0.770513242776
0.946,-0.850994481795,0.778462301567
0.947,-0.840944582298,0.786288432137
0.948,-0.830595899196,0.793990398648
0.949,-0.819952109325,0.801566984871
0.95,-0.809016994375,0.809016994375
0.951,-0.797794439539,0.816339250717
0.952,-0.786288432137,0.823532597628
0.953,-0.774503060199,0.830595899196
0.954,-0.762442511011,0.837528040042
0.955,-0.75011106963,0.844327925502
0.956,-0.737513117358,0.850994481795
0.957,-0.724653130187,0.857526656194
0.958,-0.711535677209,0.863923417193
0.959,-0.698165418993,0.87018375467
0.96,-0.684547105929,0.876306680044
0.961,-0.670685576537,0.882291226435
0.962,-0.656585755753,0.888136448814
0.963,-0.642252653177,0.893841424151
0.964,-0.627691361291,0.899405251566
0.965,-0.612907053653,0.904827052466
0.966,-0.597904983058,0.910105970685
0.967,-0.582690479669,0.915241172621
0.968,-0.567268949127,0.920231847366
0.969,-0.551645870628,0.925077206834
0.97,-0.535826794979,0.929776485888
0.971,-0.519817342621,0.934328942457
0.972,-0.503623201636,0.938733857654
0.973,-0.487250125725,0.942990535893
0.974,-0.470703932165,0.947098304995
0.975,-0.45399049974,0.951056516295
0.976,-0.437115766651,0.954864544747
0.977,-0.420085728412,0.958521789017
0.978,-0.402906435714,0.962027671586
0.979,-0.385583992277,0.965381638833
0.98,-0.368124552685,0.968583161129
0.981,-0.350534320191,0.971631732915
0.982,-0.332819544523,0.974526872787
0.983,-0.314986519655,0.977268123568
0.984,-0.297041581577,0.979855052384
0.985,-0.278991106039,0.982287250729
0.986,-0.26084150629,0.984564334529
0.987,-0.242599230795,0.986685944208
0.988,-0.224270760949,0.988651744738
0.989,-0.20586260877,0.990461425697
0.99,-0.187381314586,0.992114701314
0.991,-0.168833444713,0.99361131052
0.992,-0.150225589121,0.994951016981
0.993,-0.131564359092,0.996133609143
0.994,-0.112856384873,0.997158900261
0.995,-0.0941083133185,0.998026728428
0.996,-0.0753268055279,0.998736956606
0.997,-0.056518534482,0.999289472641
0.998,-0.0376901826699,0.999684189283
0.999,-0.0188484397154,0.999921044204
1,-7.34788079488e-16,1
1.001,0.0188484397154,0.999921044204
1.002,0.0376901826699,0.999684189283
1.003,0.056518534482,0.999289472641
1.004,0.0753268055279,0.998736956606
1.005,0.0941083133185,0.998026728428
1.006,0.112856384873,0.997158900261
1.007,0.131564359092,0.996133609143
1.008,0.150225589121,0.994951016981
1.009,0.168833444713,0.99361131052
1.01,0.187381314586,0.992114701314
1.011,0.20586260877,0.990461425697
1.012,0.224270760949,0.988651744738
1.013,0.242599230795,0.986685944208
1.014,0.26084150629,0.984564334529
1.015,0.278991106039,0.982287250729
1.016,0.297041581577,0.979855052384
1.017,0.314986519655,0.977268123568
1.018,0.332819544523,0.974526872787
1.019,0.350534320191,0.971631732915
1.02,0.368124552685,0.968583161129
1.021,0.385583992277,0.965381638833
1.022,0.402906435714,0.962027671586
1.023,0.420085728412,0.958521789017
1.024,0.437115766651,0.954864544747
1.025,0.45399049974,0.951056516295
1.026,0.470703932165,0.947098304995
1.027,0.487250125725,0.942990535893
1.028,0.503623201636,0.938733857654
1.029,0.519817342621,0.934328942457
1.03,0.535826794979,0.929776485888
1.031,0.551645870628,0.925077206834
1.032,0.567268949127,0.920231847366
1.033,0.582690479669,0.915241172621
1.034,0.597904983058,0.910105970685
1.035,0.612907053653,0.904827052466
1.036,0.627691361291,0.899405251566
1.037,0.642252653177,0.893841424151
1.038,0.656585755753,0.888136448814
1.039,0.670685576537,0.882291226435
1.04,0.684547105929,0.876306680044
1.041,0.698165418993,0.87018375467
1.042,0.711535677209,0.863923417193
1.043,0.724653130187,0.857526656194
1.044,0.737513117358,0.850994481795
1.045,0.75011106963,0.844327925502
1.046,0.762442511011,0.837528040042
1.047,0.774503060199,0.830595899196
1.048,0.786288432137,0.823532597628
1.049,0.797794439539,0.816339250717
1.05,0.809016994375,0.809016994375
1.051,0.819952109325,0.801566984871
1.052,0.830595899196,0.793990398648
1.053,0.840944582298,0.786288432137
1.054,0.850994481795,0.778462301567
1.055,0.860742027004,0.770513242776
1.056,0.87018375467,0.762442511011
1.057,0.879316310191,0.754251380736
1.058,0.888136448814,0.745941145424
1.059,0.896641036785,0.737513117358
1.06,0.904827052466,0.728968627421
1.061,0.912691587404,0.720309024888
1.062,0.920231847366,0.711535677209
1.063,0.927445153335,0.702649969799
1.064,0.934328942457,0.693653305813
1.065,0.940880768954,0.684547105929
1.066,0.947098304995,0.675332808121
1.067,0.952979341517,0.666011867434
1.068,0.958521789017,0.656585755753
1.069,0.96372367829,0.647055961569
1.07,0.968583161129,0.637423989749
1.071,0.973098510982,0.627691361291
1.072,0.977268123568,0.61785961309
1.073,0.981090517443,0.607930297695
1.074,0.984564334529,0.597904983058
1.075,0.987688340595,0.587785252292
1.076,0.990461425697,0.577572703422
1.077,0.99288260457,0.567268949127
1.078,0.994951016981,0.556875616488
1.079,0.996665928034,0.546394346734
1.08,0.998026728428,0.535826794979
1.081,0.999032934678,0.525174629961
1.082,0.999684189283,0.514439533782
1.083,0.999980260856,0.503623201636
1.084,0.999921044204,0.492727341548
1.085,0.999506560366,0.481753674102
1.086,0.998736956606,0.470703932165
1.087,0.997612506361,0.459579860621
1.088,0.996133609143,0.44838321609
1.089,0.994300790397,0.437115766651
1.09,0.992114701314,0.425779291565
1.091,0.989576118603,0.414375580993
1.092,0.986685944208,0.402906435714
1.093,0.983445204995,0.391373666837
1.094,0.979855052384,0.379779095522
1.095,0.975916761939,0.368124552685
1.096,0.971631732915,0.356411878713
1.097,0.967001487762,0.344642923175
1.098,0.962027671586,0.332819544523
1.099,0.956712051559,0.320943609807
1.1,0.951056516295,0.309016994375
1.101,0.94506307518,0.297041581577
1.102,0.938733857654,0.28501926247
1.103,0.932071112458,0.272951935517
1.104,0.925077206834,0.26084150629
1.105,0.917754625684,0.248689887165
1.106,0.910105970685,0.236498997024
1.107,0.902133959368,0.224270760949
1.108,0.893841424151,0.212007109922
1.109,0.885231311332,0.199709980514
1.11,0.876306680044,0.187381314586
1.111,0.867070701164,0.175023058975
1.112,0.857526656194,0.162637165195
1.113,0.847677936085,0.150225589121
1.114,0.837528040042,0.137790290685
1.115,0.827080574275,0.125333233564
1.116,0.816339250717,0.112856384873
1.117,0.805307885711,0.100361714851
1.118,0.793990398648,0.0878511965507
1.119,0.782390810577,0.0753268055279
1.12,0.770513242776,0.0627905195293
1.121,0.758361915289,0.0502443181798
1.122,0.745941145424,0.0376901826699
1.123,0.733255346223,0.0251300954433
1.124,0.720309024888,0.0125660398834
1.125,0.707106781187,6.12323399574e-16
1.126,0.693653305813,-0.0125660398834
1.127,0.679953378722,-0.0251300954433
1.128,0.666011867434,-0.0376901826699
1.129,0.651833725301,-0.0502443181798
1.13,0.637423989749,-0.0627905195293
1.131,0.622787780488,-0.0753268055279
1.132,0.607930297695,-0.0878511965507
1.133,0.592856820161,-0.100361714851
1.134,0.577572703422,-0.112856384873
1.135,0.562083377852,-0.125333233564
1.136,0.546394346734,-0.137790290685
1.137,0.530511184307,-0.150225589121
1.138,0.514439533782,-0.162637165195
1.139,0.498185105339,-0.175023058975
1.14,0.481753674102,-0.187381314586
1.141,0.465151078077,-0.199709980514
1.142,0.44838321609,-0.212007109922
1.143,0.431456045681,-0.224270760949
1.144,0.414375580993,-0.236498997024
1.145,0.397147890635,-0.248689887165
1.146,0.379779095522,-0.26084150629
1.147,0.362275366705,-0.272951935517
1.148,0.344642923175,-0.28501926247
1.149,0.326888029655,-0.297041581577
1.15,0.309016994375,-0.309016994375
1.151,0.291036166828,-0.320943609807
1.152,0.272951935517,-0.332819544523
1.153,0.254770725683,-0.344642923175
1.154,0.236498997024,-0.356411878713
1.155,0.218143241397,-0.368124552685
1.156,0.199709980514,-0.379779095522
1.157,0.181205763627,-0.391373666837
1.158,0.162637165195,-0.402906435714
1.159,0.144010782552,-0.414375580993
1.16,0.125333233564,-0.425779291565
1.161,0.106611154275,-0.437115766651
1.162,0.0878511965507,-0.44838321609
1.163,0.0690600257144,-0.459579860621
1.164,0.0502443181798,-0.470703932165
1.165,0.0314107590781,-0.481753674102
1.166,0.0125660398834,-0.492727341548
1.167,-0.00628314396556,-0.503623201636
1.168,-0.0251300954433,-0.514439533782
1.169,-0.0439681183179,-0.525174629961
1.17,-0.0627905195293,-0.535826794979
1.171,-0.0815906115682,-0.546394346734
1.172,-0.100361714851,-0.556875616488
1.173,-0.119097160095,-0.567268949127
1.174,-0.137790290685,-0.577572703422
1.175,-0.15643446504,-0.587785252292
1.176,-0.175023058975,-0.597904983058
1.177,-0.193549468051,-0.607930297695
1.178,-0.212007109922,-0.61785961309
1.179,-0.230389426677,-0.627691361291
1.18,-0.248689887165,-0.637423989749
1.181,-0.26690198932,-0.647055961569
1.182,-0.28501926247,-0.656585755753
1.183,-0.303035269633,-0.666011867434
1.184,-0.320943609807,-0.675332808121
1.185,-0.338737920245,-0.684547105929
1.186,-0.356411878713,-0.693653305813
1.187,-0.373959205738,-0.702649969799
1.188,-0.391373666837,-0.711535677209
1.189,-0.408649074736,-0.720309024888
1.19,-0.425779291565,-0.728968627421
1.191,-0.442758231039,-0.737513117358
1.192,-0.459579860621,-0.745941145424
1.193,-0.476238203668,-0.754251380736
1.194,-0.492727341548,-0.762442511011
1.195,-0.50904141575,-0.770513242776
1.196,-0.525174629961,-0.778462301567
1.197,-0.541121252127,-0.786288432137
1.198,-0.556875616488,-0.793990398648
1.199,-0.572432125595,-0.801566984871
1.2,-0.587785252292,-0.809016994375
1.201,-0.602929541689,-0.816339250717
1.202,-0.61785961309,-0.823532597628
1.203,-0.632570161913,-0.830595899196
1.204,-0.647055961569,-0.837528040042
1.205,-0.661311865324,-0.844327925502
1.206,-0.675332808121,-0.850994481795
1.207,-0.689113808387,-0.857526656194
1.208,-0.702649969799,-0.863923417193
1.209,-0.715936483022,-0.87018375467
1.21,-0.728968627421,-0.876306680044
1.211,-0.741741772739,-0.882291226435
1.212,-0.754251380736,-0.888136448814
1.213,-0.766493006809,-0.893841424151
1.214,-0.778462301567,-0.899405251566
1.215,-0.790155012376,-0.904827052466
1.216,-0.801566984871,-0.910105970685
1.217,-0.812694164433,-0.915241172621
1.218,-0.823532597628,-0.920231847366
1.219,-0.834078433613,-0.925077206834
1.22,-0.844327925502,-0.929776485888
1.221,-0.854277431699,-0.934328942457
1.222,-0.863923417193,-0.938733857654
1.223,-0.87326245481,-0.942990535893
1.224,-0.882291226435,-0.947098304995
1.225,-0.891006524188,-0.951056516295
1.226,-0.899405251566,-0.954864544747
1.227,-0.907484424541,-0.958521789017
1.228,-0.915241172621,-0.962027671586
1.229,-0.92267273987,-0.965381638833
1.23,-0.929776485888,-0.968583161129
1.231,-0.936549886748,-0.971631732915
1.232,-0.942990535893,-0.974526872787
1.233,-0.94909614499,-0.977268123568
1.234,-0.954864544747,-0.979855052384
1.235,-0.960293685677,-0.982287250729
1.236,-0.965381638833,-0.984564334529
1.237,-0.97012659649,-0.986685944208
1.238,-0.974526872787,-0.988651744738
1.239,-0.978580904325,-0.990461425697
1.24,-0.982287250729,-0.992114701314
1.241,-0.985644595149,-0.99361131052
1.242,-0.988651744738,-0.994951016981
1.243,-0.99130763107,-0.996133609143
1.244,-0.99361131052,-0.997158900261
1.245,-0.995561964603,-0.998026728428
1.246,-0.997158900261,-0.998736956606
1.247,-0.998401550109,-0.999289472641
1.248,-0.999289472641,-0.999684189283
1.249,-0.999822352381,-0.999921044204
1.25,-1,-1
1.251,-0.999822352381,-0.999921044204
1.252,-0.999289472641,-0.999684189283
1.253,-0.998401550109,-0.999289472641
1.254,-0.997158900261,-0.998736956606
1.255,-0.995561964603,-0.998026728428
1.256,-0.99361131052,-0.997158900261
1.257,-0.99130763107,-0.996133609143
1.258,-0.988651744738,-0.994951016981
1.259,-0.985644595149,-0.99361131052
1.26,-0.982287250729,-0.992114701314
1.261,-0.978580904325,-0.990461425697
1.262,-0.974526872787,-0.988651744738
1.263,-0.97012659649,-0.986685944208
1.264,-0.965381638833,-0.984564334529
1.265,-0.960293685677,-0.982287250729
1.266,-0.954864544747,-0.979855052384
1.267,-0.94909614499,-0.977268123568
1.268,-0.942990535893,-0.974526872787
1.269,-0.936549886748,-0.971631732915
1.27,-0.929776485888,-0.968583161129
1.271,-0.92267273987,-0.965381638833
1.272,-0.915241172621,-0.962027671586
1.273,-0.907484424541,-0.958521789017
1.274,-0.899405251566,-0.954864544747
1.275,-0.891006524188,-0.951056516295
1.276,-0.882291226435,-0.947098304995
1.277,-0.87326245481,-0.942990535893
1.278,-0.863923417193,-0.938733857654
1.279,-0.854277431699,-0.934328942457
1.28,-0.844327925502,-0.929776485888
1.281,-0.834078433613,-0.925077206834
1.282,-0.823532597628,-0.920231847366
1.283,-0.812694164433,-0.915241172621
1.284,-0.801566984871,-0.910105970685
1.285,-0.790155012376,-0.904827052466
1.286,-0.778462301567,-0.899405251566
1.287,-0.766493006809,-0.893841424151
1.288,-0.754251380736,-0.888136448814
1.289,-0.741741772739,-0.882291226435
1.29,-0.728968627421,-0.876306680044
1.291,-0.715936483022,-0.87018375467
1.292,-0.702649969799,-0.863923417193
1.293,-0.689113808387,-0.857526656194
1.294,-0.675332808121,-0.850994481795
1.295,-0.661311865324,-0.844327925502
1.296,-0.647055961569,-0.837528040042
1.297,-0.632570161913,-0.830595899196
1.298,-0.61785961309,-0.823532597628
1.299,-0.602929541689,-0.816339250717
1.3,-0.587785252292,-0.809016994375
1.301,-0.572432125595,-0.801566984871
1.302,-0.556875616488,-0.793990398648
1.303,-0.541121252127,-0.786288432137
1.304,-0.525174629961,-0.778462301567
1.305,-0.50904141575,-0.770513242776
1.306,-0.492727341548,-0.762442511011
1.307,-0.476238203668,-0.754251380736
1.308,-0.459579860621,-0.745941145424
1.309,-0.442758231039,-0.737513117358
1.31,-0.425779291565,-0.728968627421
1.311,-0.408649074736,-0.720309024888
1.312,-0.391373666837,-0.711535677209
1.313,-0.373959205738,-0.702649969799
1.314,-0.356411878713,-0.693653305813
1.315,-0.338737920245,-0.684547105929
1.316,-0.320943609807,-0.675332808121
1.317,-0.303035269633,-0.666011867434
1.318,-0.28501926247,-0.656585755753
1.319,-0.26690198932,-0.647055961569
1.32,-0.248689887165,-0.637423989749
1.321,-0.230389426677,-0.627691361291
1.322,-0.212007109922,-0.61785961309
1.323,-0.193549468051,-0.607930297695
1.324,-0.175023058975,-0.597904983058
1.325,-0.15643446504,-0.587785252292
1.326,-0.137790290685,-0.577572703422
1.327,-0.119097160095,-0.567268949127
1.328,-0.100361714851,-0.556875616488
1.329,-0.0815906115682,-0.546394346734
1.33,-0.0627905195293,-0.535826794979
1.331,-0.0439681183179,-0.525174629961
1.332,-0.0251300954433,-0.514439533782
1.333,-0.00628314396556,-0.503623201636
1.334,0.0125660398834,-0.492727341548
1.335,0.0314107590781,-0.481753674102
1.336,0.0502443181798,-0.470703932165
1.337,0.0690600257144,-0.459579860621
1.338,0.0878511965507,-0.44838321609
1.339,0.106611154275,-0.437115766651
1.34,0.125333233564,-0.425779291565
1.341,0.144010782552,-0.414375580993
1.342,0.162637165195,-0.402906435714
1.343,0.181205763627,-0.391373666837
1.344,0.199709980514,-0.379779095522
1.345,0.218143241397,-0.368124552685
1.346,0.236498997024,-0.356411878713
1.347,0.254770725683,-0.344642923175
1.348,0.272951935517,-0.332819544523
1.349,0.291036166828,-0.320943609807
1.35,0.309016994375,-0.309016994375
1.351,0.326888029655,-0.297041581577
1.352,0.344642923175,-0.28501926247
1.353,0.362275366705,-0.272951935517
1.354,0.379779095522,-0.26084150629
1.355,0.397147890635,-0.248689887165
1.356,0.414375580993,-0.236498997024
1.357,0.431456045681,-0.224270760949
1.358,0.44838321609,-0.212007109922
1.359,0.465151078077,-0.199709980514
1.36,0.481753674102,-0.187381314586
1.361,0.498185105339,-0.175023058975
1.362,0.514439533782,-0.162637165195
1.363,0.530511184307,-0.150225589121
1.364,0.546394346734,-0.137790290685
1.365,0.562083377852,-0.125333233564
1.366,0.577572703422,-0.112856384873
1.367,0.592856820161,-0.100361714851
1.368,0.607930297695,-0.0878511965507
1.369,0.622787780488,-0.0753268055279
1.37,0.637423989749,-0.0627905195293
1.371,0.651833725301,-0.0502443181798
1.372,0.666011867434,-0.0376901826699
1.373,0.679953378722,-0.0251300954433
1.374,0.693653305813,-0.0125660398834
1.375,0.707106781187,-7.34788079488e-16
1.376,0.720309024888,0.0125660398834
1.377,0.733255346223,0.0251300954433
1.378,0.745941145424,0.0376901826699
1.379,0.758361915289,0.0502443181798
1.38,0.770513242776,0.0627905195293
1.381,0.782390810577,0.0753268055279
1.382,0.793990398648,0.0878511965507
1.383,0.805307885711,0.100361714851
1.384,0.816339250717,0.112856384873
1.385,0.827080574275,0.125333233564
1.386,0.837528040042,0.137790290685
1.387,0.847677936085,0.150225589121
1.388,0.857526656194,0.162637165195
1.389,0.867070701164,0.175023058975
1.39,0.876306680044,0.187381314586
1.391,0.885231311332,0.199709980514
1.392,0.893841424151,0.212007109922
1.393,0.902133959368,0.224270760949
1.394,0.910105970685,0.236498997024
1.395,0.917754625684,0.248689887165
1.396,0.925077206834,0.26084150629
1.397,0.932071112458,0.272951935517
1.398,0.938733857654,0.28501926247
1.399,0.94506307518,0.297041581577
1.4,0.951056516295,0.309016994375
1.401,0.956712051559,0.320943609807
1.402,0.962027671586,0.332819544523
1.403,0.967001487762,0.344642923175
1.404,0.971631732915,0.356411878713
1.405,0.975916761939,0.368124552685
1.406,0.979855052384,0.379779095522
1.407,0.983445204995,0.391373666837
1.408,0.986685944208,0.402906435714
1.409,0.989576118603,0.414375580993
1.41,0.992114701314,0.425779291565
1.411,0.994300790397,0.437115766651
1.412,0.996133609143,0.44838321609
1.413,0.997612506361,0.459579860621
1.414,0.998736956606,0.470703932165
1.415,0.999506560366,0.481753674102
1.416,0.999921044204,0.492727341548
1.417,0.999980260856,0.503623201636
1.418,0.999684189283,0.514439533782
1.419,0.999032934678,0.525174629961
1.42,0.998026728428,0.535826794979
1.421,0.996665928034,0.546394346734
1.422,0.994951016981,0.556875616488
1.423,0.99288260457,0.567268949127
1.424,0.990461425697,0.577572703422
1.425,0.987688340595,0.587785252292
1.426,0.984564334529,0.597904983058
1.427,0.981090517443,0.607930297695
1.428,0.977268123568,0.61785961309
1.429,0.973098510982,0.627691361291
1.43,0.968583161129,0.637423989749
1.431,0.96372367829,0.647055961569
1.432,0.958521789017,0.656585755753
1.433,0.952979341517,0.666011867434
1.434,0.947098304995,0.675332808121
1.435,0.940880768954,0.684547105929
1.436,0.934328942457,0.693653305813
1.437,0.927445153335,0.702649969799
1.438,0.920231847366,0.711535677209
1.439,0.912691587404,0.720309024888
1.44,0.904827052466,0.728968627421
1.441,0.896641036785,0.737513117358
1.442,0.888136448814,0.745941145424
1.443,0.879316310191,0.754251380736
1.444,0.87018375467,0.762442511011
1.445,0.860742027004,0.770513242776
1.446,0.850994481795,0.778462301567
1.447,0.840944582298,0.786288432137
1.448,0.830595899196,0.793990398648
1.449,0.819952109325,0.801566984871
1.45,0.809016994375,0.809016994375
1.451,0.797794439539,0.816339250717
1.452,0.786288432137,0.823532597628
1.453,0.774503060199,0.830595899196
1.454,0.762442511011,0.837528040042
1.455,0.75011106963,0.844327925502
1.456,0.737513117358,0.850994481795
1.457,0.724653130187,0.857526656194
1.458,0.711535677209,0.863923417193
1.459,0.698165418993,0.87018375467
1.46,0.684547105929,0.876306680044
1.461,0.670685576537,0.882291226435
1.462,0.656585755753,0.888136448814
1.463,0.642252653177,0.893841424151
1.464,0.627691361291,0.899405251566
1.465,0.612907053653,0.904827052466
1.466,0.597904983058,0.910105970685
1.467,0.582690479669,0.915241172621
1.468,0.567268949127,0.920231847366
1.469,0.551645870628,0.925077206834
1.47,0.535826794979,0.929776485888
1.471,0.519817342621,0.934328942457
1.472,0.503623201636,0.938733857654
1.473,0.487250125725,0.942990535893
1.474,0.470703932165,0.947098304995
1.475,0.45399049974,0.951056516295
1.476,0.437115766651,0.954864544747
1.477,0.420085728412,0.958521789017
1.478,0.402906435714,0.962027671586
1.479,0.385583992277,0.965381638833
1.48,0.368124552685,0.968583161129
1.481,0.350534320191,0.971631732915
1.482,0.332819544523,0.974526872787
1.483,0.314986519655,0.977268123568
1.484,0.297041581577,0.979855052384
1.485,0.278991106039,0.982287250729
1.486,0.26084150629,0.984564334529
1.487,0.242599230795,0.986685944208
1.488,0.224270760949,0.988651744738
1.489,0.20586260877,0.990461425697
1.49,0.187381314586,0.992114701314
1.491,0.168833444713,0.99361131052
1.492,0.150225589121,0.994951016981
1.493,0.131564359092,0.996133609143
1.494,0.112856384873,0.997158900261
1.495,0.0941083133185,0.998026728428
1.496,0.0753268055279,0.998736956606
1.497,0.056518534482,0.999289472641
1.498,0.0376901826699,0.999684189283
1.499,0.0188484397154,0.999921044204
1.5,1.10218211923e-15,1
1.501,-0.0188484397154,0.999921044204
1.502,-0.0376901826699,0.999684189283
1.503,-0.056518534482,0.999289472641
1.504,-0.0753268055279,0.998736956606
1.505,-0.0941083133185,0.998026728428
1.506,-0.112856384873,0.997158900261
1.507,-0.131564359092,0.996133609143
1.508,-0.150225589121,0.994951016981
1.509,-0.168833444713,0.99361131052
1.51,-0.187381314586,0.992114701314
1.511,-0.20586260877,0.990461425697
1.512,-0.224270760949,0.988651744738
1.513,-0.242599230795,0.986685944208
1.514,-0.26084150629,0.984564334529
1.515,-0.278991106039,0.982287250729
1.516,-0.297041581577,0.979855052384
1.517,-0.314986519655,0.977268123568
1.518,-0.332819544523,0.974526872787
1.519,-0.350534320191,0.971631732915
1.52,-0.368124552685,0.968583161129
1.521,-0.385583992277,0.965381638833
1.522,-0.402906435714,0.962027671586
1.523,-0.420085728412,0.958521789017
1.524,-0.437115766651,0.954864544747
1.525,-0.45399049974,0.951056516295
1.526,-0.470703932165,0.947098304995
1.527,-0.487250125725,0.942990535893
1.528,-0.503623201636,0.938733857654
1.529,-0.519817342621,0.934328942457
1.53,-0.535826794979,0.929776485888
1.531,-0.551645870628,0.925077206834
1.532,-0.567268949127,0.920231847366
1.533,-0.582690479669,0.915241172621
1.534,-0.597904983058,0.910105970685
1.535,-0.612907053653,0.904827052466
1.536,-0.627691361291,0.899405251566
1.537,-0.642252653177,0.893841424151
1.538,-0.656585755753,0.888136448814
1.539,-0.670685576537,0.882291226435
1.54,-0.684547105929,0.876306680044
1.541,-0.698165418993,0.87018375467
1.542,-0.711535677209,0.863923417193
1.543,-0.724653130187,0.857526656194
1.544,-0.737513117358,0.850994481795
1.545,-0.75011106963,0.844327925502
1.546,-0.762442511011,0.837528040042
1.547,-0.774503060199,0.830595899196
1.548,-0.786288432137,0.823532597628
1.549,-0.797794439539,0.816339250717
1.55,-0.809016994375,0.809016994375
1.551,-0.819952109325,0.801566984871
1.552,-0.830595899196,0.793990398648
1.553,-0.840944582298,0.786288432137
1.554,-0.850994481795,0.778462301567
1.555,-0.860742027004,0.770513242776
1.556,-0.87018375467,0.762442511011
1.557,-0.879316310191,0.754251380736
1.558,-0.888136448814,0.745941145424
1.559,-0.896641036785,0.737513117358
1.56,-0.904827052466,0.728968627421
1.561,-0.912691587404,0.720309024888
1.562,-0.920231847366,0.711535677209
1.563,-0.927445153335,0.702649969799
1.564,-0.934328942457,0.693653305813
1.565,-0.940880768954,0.684547105929
1.566,-0.947098304995,0.675332808121
1.567,-0.952979341517,0.666011867434
1.568,-0.958521789017,0.656585755753
1.569,-0.96372367829,0.647055961569
1.57,-0.968583161129,0.637423989749
1.571,-0.973098510982,0.627691361291
1.572,-0.977268123568,0.61785961309
1.573,-0.981090517443,0.607930297695
1.574,-0.984564334529,0.597904983058
1.575,-0.987688340595,0.587785252292
1.576,-0.990461425697,0.577572703422
1.577,-0.99288260457,0.567268949127
1.578,-0.994951016981,0.556875616488
1.579,-0.996665928034,0.546394346734
1.58,-0.998026728428,0.535826794979
1.581,-0.999032934678,0.525174629961
1.582,-0.999684189283,0.514439533782
1.583,-0.999980260856,0.503623201636
1.584,-0.999921044204,0.492727341548
1.585,-0.999506560366,0.481753674102
1.586,-0.998736956606,0.470703932165
1.587,-0.997612506361,0.459579860621
1.588,-0.996133609143,0.44838321609
1.589,-0.994300790397,0.437115766651
1.59,-0.992114701314,0.425779291565
1.591,-0.989576118603,0.414375580993
1.592,-0.986685944208,0.402906435714
1.593,-0.983445204995,0.391373666837
1.594,-0.979855052384,0.379779095522
1.595,-0.975916761939,0.368124552685
1.596,-0.971631732915,0.356411878713
1.597,-0.967001487762,0.344642923175
1.598,-0.962027671586,0.332819544523
1.599,-0.956712051559,0.320943609807
1.6,-0.951056516295,0.309016994375
1.601,-0.94506307518,0.297041581577
1.602,-0.938733857654,0.28501926247
1.603,-0.932071112458,0.272951935517
1.604,-0.925077206834,0.26084150629
1.605,-0.917754625684,0.248689887165
1.606,-0.910105970685,0.236498997024
1.607,-0.902133959368,0.224270760949
1.608,-0.893841424151,0.212007109922
1.609,-0.885231311332,0.199709980514
1.61,-0.876306680044,0.187381314586
1.611,-0.867070701164,0.175023058975
1.612,-0.857526656194,0.162637165195
1.613,-0.847677936085,0.150225589121
1.614,-0.837528040042,0.137790290685
1.615,-0.827080574275,0.125333233564
1.616,-0.816339250717,0.112856384873
1.617,-0.805307885711,0.100361714851
1.618,-0.793990398648,0.0878511965507
1.619,-0.782390810577,0.0753268055279
1.62,-0.770513242776,0.0627905195293
1.621,-0.758361915289,0.0502443181798
1.622,-0.745941145424,0.0376901826699
1.623,-0.733255346223,0.0251300954433
1.624,-0.720309024888,0.0125660398833
1.625,-0.707106781187,-2.6954609194e-15
1.626,-0.693653305813,-0.0125660398833
1.627,-0.679953378722,-0.0251300954433
1.628,-0.666011867434,-0.0376901826699
1.629,-0.651833725301,-0.0502443181798
1.63,-0.637423989749,-0.0627905195293
1.631,-0.622787780488,-0.0753268055279
1.632,-0.607930297695,-0.0878511965507
1.633,-0.592856820161,-0.100361714851
1.634,-0.577572703422,-0.112856384873
1.635,-0.562083377852,-0.125333233564
1.636,-0.546394346734,-0.137790290685
1.637,-0.530511184307,-0.150225589121
1.638,-0.514439533782,-0.162637165195
1.639,-0.498185105339,-0.175023058975
1.64,-0.481753674102,-0.187381314586
1.641,-0.465151078077,-0.199709980514
1.642,-0.44838321609,-0.212007109922
1.643,-0.431456045681,-0.224270760949
1.644,-0.414375580993,-0.236498997024
1.645,-0.397147890635,-0.248689887165
1.646,-0.379779095522,-0.26084150629
1.647,-0.362275366705,-0.272951935517
1.648,-0.344642923175,-0.28501926247
1.649,-0.326888029655,-0.297041581577
1.65,-0.309016994375,-0.309016994375
1.651,-0.291036166828,-0.320943609807
1.652,-0.272951935517,-0.332819544523
1.653,-0.254770725683,-0.344642923175
1.654,-0.236498997024,-0.356411878713
1.655,-0.218143241397,-0.368124552685
1.656,-0.199709980514,-0.379779095522
1.657,-0.181205763627,-0.391373666837
1.658,-0.162637165195,-0.402906435714
1.659,-0.144010782552,-0.414375580993
1.66,-0.125333233564,-0.425779291565
1.661,-0.106611154275,-0.437115766651
1.662,-0.0878511965507,-0.44838321609
1.663,-0.0690600257144,-0.459579860621
1.664,-0.0502443181798,-0.470703932165
1.665,-0.0314107590781,-0.481753674102
1.666,-0.0125660398834,-0.492727341548
1.667,0.00628314396556,-0.503623201636
1.668,0.0251300954433,-0.514439533782
1.669,0.0439681183179,-0.525174629961
1.67,0.0627905195293,-0.535826794979
1.671,0.0815906115682,-0.546394346734
1.672,0.100361714851,-0.556875616488
1.673,0.119097160095,-0.567268949127
1.674,0.137790290685,-0.577572703422
1.675,0.15643446504,-0.587785252292
1.676,0.175023058975,-0.597904983058
1.677,0.193549468051,-0.607930297695
1.678,0.212007109922,-0.61785961309
1.679,0.230389426677,-0.627691361291
1.68,0.248689887165,-0.637423989749
1.681,0.26690198932,-0.647055961569
1.682,0.28501926247,-0.656585755753
1.683,0.303035269633,-0.666011867434
1.684,0.320943609807,-0.675332808121
1.685,0.338737920245,-0.684547105929
1.686,0.356411878713,-0.693653305813
1.687,0.373959205738,-0.702649969799
1.688,0.391373666837,-0.711535677209
1.689,0.408649074736,-0.720309024888
1.69,0.425779291565,-0.728968627421
1.691,0.442758231039,-0.737513117358
1.692,0.459579860621,-0.745941145424
1.693,0.476238203668,-0.754251380736
1.694,0.492727341548,-0.762442511011
1.695,0.50904141575,-0.770513242776
1.696,0.525174629961,-0.778462301567
1.697,0.541121252127,-0.786288432137
1.698,0.556875616488,-0.793990398648
1.699,0.572432125595,-0.801566984871
1.7,0.587785252292,-0.809016994375
1.701,0.602929541689,-0.816339250717
1.702,0.61785961309,-0.823532597628
1.703,0.632570161913,-0.830595899196
1.704,0.647055961569,-0.837528040042
1.705,0.661311865324,-0.844327925502
1.706,0.675332808121,-0.850994481795
1.707,0.689113808387,-0.857526656194
1.708,0.702649969799,-0.863923417193
1.709,0.715936483022,-0.87018375467
1.71,0.728968627421,-0.876306680044
1.711,0.741741772739,-0.882291226435
1.712,0.754251380736,-0.888136448814
1.713,0.766493006809,-0.893841424151
1.714,0.778462301567,-0.899405251566
1.715,0.790155012376,-0.904827052466
1.716,0.801566984871,-0.910105970685
1.717,0.812694164433,-0.915241172621
1.718,0.823532597628,-0.920231847366
1.719,0.834078433613,-0.925077206834
1.72,0.844327925502,-0.929776485888
1.721,0.854277431699,-0.934328942457
1.722,0.863923417193,-0.938733857654
1.723,0.87326245481,-0.942990535893
1.724,0.882291226435,-0.947098304995
1.725,0.891006524188,-0.951056516295
1.726,0.899405251566,-0.954864544747
1.727,0.907484424541,-0.958521789017
1.728,0.915241172621,-0.962027671586
1.729,0.92267273987,-0.965381638833
1.73,0.929776485888,-0.968583161129
1.731,0.936549886748,-0.971631732915
1.732,0.942990535893,-0.974526872787
1.733,0.94909614499,-0.977268123568
1.734,0.954864544747,-0.979855052384
1.735,0.960293685677,-0.982287250729
1.736,0.965381638833,-0.984564334529
1.737,0.97012659649,-0.986685944208
1.738,0.974526872787,-0.988651744738
1.739,0.978580904325,-0.990461425697
1.74,0.982287250729,-0.992114701314
1.741,0.985644595149,-0.99361131052
1.742,0.988651744738,-0.994951016981
1.743,0.99130763107,-0.996133609143
1.744,0.99361131052,-0.997158900261
1.745,0.995561964603,-0.998026728428
1.746,0.997158900261,-0.998736956606
1.747,0.998401550109,-0.999289472641
1.748,0.999289472641,-0.999684189283
1.749,0.999822352381,-0.999921044204
1.75,1,-1
1.751,0.999822352381,-0.999921044204
1.752,0.999289472641,-0.999684189283
1.753,0.998401550109,-0.999289472641
1.754,0.997158900261,-0.998736956606
1.755,0.995561964603,-0.998026728428
1.756,0.99361131052,-0.997158900261
1.757,0.99130763107,-0.996133609143
1.758,0.988651744738,-0.994951016981
1.759,0.985644595149,-0.99361131052
1.76,0.982287250729,-0.992114701314
1.761,0.978580904325,-0.990461425697
1.762,0.974526872787,-0.988651744738
1.763,0.97012659649,-0.986685944208
1.764,0.965381638833,-0.984564334529
1.765,0.960293685677,-0.982287250729
1.766,0.954864544747,-0.979855052384
1.767,0.94909614499,-0.977268123568
1.768,0.942990535893,-0.974526872787
1.769,0.936549886748,-0.971631732915
1.77,0.929776485888,-0.968583161129
1.771,0.92267273987,-0.965381638833
1.772,0.915241172621,-0.962027671586
1.773,0.907484424541,-0.958521789017
1.774,0.899405251566,-0.954864544747
1.775,0.891006524188,-0.951056516295
1.776,0.882291226435,-0.947098304995
1.777,0.87326245481,-0.942990535893
1.778,0.863923417193,-0.938733857654
1.779,0.854277431699,-0.934328942457
1.78,0.844327925502,-0.929776485888
1.781,0.834078433613,-0.925077206834
1.782,0.823532597628,-0.920231847366
1.783,0.812694164433,-0.915241172621
1.784,0.801566984871,-0.910105970685
1.785,0.790155012376,-0.904827052466
1.786,0.778462301567,-0.899405251566
1.787,0.766493006809,-0.893841424151
1.788,0.754251380736,-0.888136448814
1.789,0.741741772739,-0.882291226435
1.79,0.728968627421,-0.876306680044
1.791,0.715936483022,-0.87018375467
1.792,0.702649969799,-0.863923417193
1.793,0.689113808387,-0.857526656194
1.794,0.675332808121,-0.850994481795
1.795,0.661311865324,-0.844327925502
1.796,0.647055961569,-0.837528040042
1.797,0.632570161913,-0.830595899196
1.798,0.61785961309,-0.823532597628
1.799,0.602929541689,-0.816339250717
1.8,0.587785252292,-0.809016994375
1.801,0.572432125595,-0.801566984871
1.802,0.556875616488,-0.793990398648
1.803,0.541121252127,-0.786288432137
1.804,0.525174629961,-0.778462301567
1.805,0.50904141575,-0.770513242776
1.806,0.492727341548,-0.762442511011
1.807,0.476238203668,-0.754251380736
1.808,0.459579860621,-0.745941145424
1.809,0.442758231039,-0.737513117358
1.81,0.425779291565,-0.728968627421
1.811,0.408649074736,-0.720309024888
1.812,0.391373666837,-0.711535677209
1.813,0.373959205738,-0.702649969799
1.814,0.356411878713,-0.693653305813
1.815,0.338737920245,-0.684547105929
1.816,0.320943609807,-0.675332808121
1.817,0.303035269633,-0.666011867434
1.818,0.28501926247,-0.656585755753
1.819,0.26690198932,-0.647055961569
1.82,0.248689887165,-0.637423989749
1.821,0.230389426677,-0.627691361291
1.822,0.212007109922,-0.61785961309
1.823,0.193549468051,-0.607930297695
1.824,0.175023058975,-0.597904983058
1.825,0.15643446504,-0.587785252292
1.826,0.137790290685,-0.577572703422
1.827,0.119097160095,-0.567268949127
1.828,0.100361714851,-0.556875616488
1.829,0.0815906115682,-0.546394346734
1.83,0.0627905195293,-0.535826794979
1.831,0.0439681183179,-0.525174629961
1.832,0.0251300954433,-0.514439533782
1.833,0.00628314396556,-0.503623201636
1.834,-0.0125660398834,-0.492727341548
1.835,-0.0314107590781,-0.481753674102
1.836,-0.0502443181798,-0.470703932165
1.837,-0.0690600257144,-0.459579860621
1.838,-0.0878511965507,-0.44838321609
1.839,-0.106611154275,-0.437115766651
1.84,-0.125333233564,-0.425779291565
1.841,-0.144010782552,-0.414375580993
1.842,-0.162637165195,-0.402906435714
1.843,-0.181205763627,-0.391373666837
1.844,-0.199709980514,-0.379779095522
1.845,-0.218143241397,-0.368124552685
1.846,-0.236498997024,-0.356411878713
1.847,-0.254770725683,-0.344642923175
1.848,-0.272951935517,-0.332819544523
1.849,-0.291036166828,-0.320943609807
1.85,-0.309016994375,-0.309016994375
1.851,-0.326888029655,-0.297041581577
1.852,-0.344642923175,-0.28501926247
1.853,-0.362275366705,-0.272951935517
1.854,-0.379779095522,-0.26084150629
1.855,-0.397147890635,-0.248689887165
1.856,-0.414375580993,-0.236498997024
1.857,-0.431456045681,-0.224270760949
1.858,-0.44838321609,-0.212007109922
1.859,-0.465151078077,-0.199709980514
1.86,-0.481753674102,-0.187381314586
1.861,-0.498185105339,-0.175023058975
1.862,-0.514439533782,-0.162637165195
1.863,-0.530511184307,-0.150225589121
1.864,-0.546394346734,-0.137790290685
1.865,-0.562083377852,-0.125333233564
1.866,-0.577572703422,-0.112856384873
1.867,-0.592856820161,-0.100361714851
1.868,-0.607930297695,-0.0878511965507
1.869,-0.622787780488,-0.0753268055279
1.87,-0.637423989749,-0.0627905195293
1.871,-0.651833725301,-0.0502443181798
1.872,-0.666011867434,-0.0376901826699
1.873,-0.679953378722,-0.0251300954433
1.874,-0.693653305813,-0.0125660398834
1.875,-0.707106781187,-9.79717439318e-16
1.876,-0.720309024888,0.0125660398834
1.877,-0.733255346223,0.0251300954433
1.878,-0.745941145424,0.0376901826699
1.879,-0.758361915289,0.0502443181798
1.88,-0.770513242776,0.0627905195293
1.881,-0.782390810577,0.0753268055279
1.882,-0.793990398648,0.0878511965507
1.883,-0.805307885711,0.100361714851
1.884,-0.816339250717,0.112856384873
1.885,-0.827080574275,0.125333233564
1.886,-0.837528040042,0.137790290685
1.887,-0.847677936085,0.150225589121
1.888,-0.857526656194,0.162637165195
1.889,-0.867070701164,0.175023058975
1.89,-0.876306680044,0.187381314586
1.891,-0.885231311332,0.199709980514
1.892,-0.893841424151,0.212007109922
1.893,-0.902133959368,0.224270760949
1.894,-0.910105970685,0.236498997024
1.895,-0.917754625684,0.248689887165
1.896,-0.925077206834,0.26084150629
1.897,-0.932071112458,0.272951935517
1.898,-0.938733857654,0.28501926247
1.899,-0.94506307518,0.297041581577
1.9,-0.951056516295,0.309016994375
1.901,-0.956712051559,0.320943609807
1.902,-0.962027671586,0.332819544523
1.903,-0.967001487762,0.344642923175
1.904,-0.971631732915,0.356411878713
1.905,-0.975916761939,0.368124552685
1.906,-0.979855052384,0.379779095522
1.907,-0.983445204995,0.391373666837
1.908,-0.986685944208,0.402906435714
1.909,-0.989576118603,0.414375580993
1.91,-0.992114701314,0.425779291565
1.911,-0.994300790397,0.437115766651
1.912,-0.996133609143,0.44838321609
1.913,-0.997612506361,0.459579860621
1.914,-0.998736956606,0.470703932165
1.915,-0.999506560366,0.481753674102
1.916,-0.999921044204,0.492727341548
1.917,-0.999980260856,0.503623201636
1.918,-0.999684189283,0.514439533782
1.919,-0.999032934678,0.525174629961
1.92,-0.998026728428,0.535826794979
1.921,-0.996665928034,0.546394346734
1.922,-0.994951016981,0.556875616488
1.923,-0.99288260457,0.567268949127
1.924,-0.990461425697,0.577572703422
1.925,-0.987688340595,0.587785252292
1.926,-0.984564334529,0.597904983058
1.927,-0.981090517443,0.607930297695
1.928,-0.977268123568,0.61785961309
1.929,-0.973098510982,0.627691361291
1.93,-0.968583161129,0.637423989749
1.931,-0.96372367829,0.647055961569
1.932,-0.958521789017,0.656585755753
1.933,-0.952979341517,0.666011867434
1.934,-0.947098304995,0.675332808121
1.935,-0.940880768954,0.684547105929
1.936,-0.934328942457,0.693653305813
1.937,-0.927445153335,0.702649969799
1.938,-0.920231847366,0.711535677209
1.939,-0.912691587404,0.720309024888
1.94,-0.904827052466,0.728968627421
1.941,-0.896641036785,0.737513117358
1.942,-0.888136448814,0.745941145424
1.943,-0.879316310191,0.754251380736
1.944,-0.87018375467,0.762442511011
1.945,-0.860742027004,0.770513242776
1.946,-0.850994481795,0.778462301567
1.947,-0.840944582298,0.786288432137
1.948,-0.830595899196,0.793990398648
1.949,-0.819952109325,0.801566984871
1.95,-0.809016994375,0.809016994375
1.951,-0.797794439539,0.816339250717
1.952,-0.786288432137,0.823532597628
1.953,-0.774503060199,0.830595899196
1.954,-0.762442511011,0.837528040042
1.955,-0.75011106963,0.844327925502
1.956,-0.737513117358,0.850994481795
1.957,-0.724653130187,0.857526656194
1.958,-0.711535677209,0.863923417193
1.959,-0.698165418993,0.87018375467
1.96,-0.684547105929,0.876306680044
1.961,-0.670685576537,0.882291226435
1.962,-0.656585755753,0.888136448814
1.963,-0.642252653177,0.893841424151
1.964,-0.627691361291,0.899405251566
1.965,-0.612907053653,0.904827052466
1.966,-0.597904983058,0.910105970685
1.967,-0.582690479669,0.915241172621
1.968,-0.567268949127,0.920231847366
1.969,-0.551645870628,0.925077206834
1.97,-0.535826794979,0.929776485888
1.971,-0.519817342621,0.934328942457
1.972,-0.503623201636,0.938733857654
1.973,-0.487250125725,0.942990535893
1.974,-0.470703932165,0.947098304995
1.975,-0.45399049974,0.951056516295
1.976,-0.437115766651,0.954864544747
1.977,-0.420085728412,0.958521789017
1.978,-0.402906435714,0.962027671586
1.979,-0.385583992277,0.965381638833
1.98,-0.368124552685,0.968583161129
1.981,-0.350534320191,0.971631732915
1.982,-0.332819544523,0.974526872787
1.983,-0.314986519655,0.977268123568
1.984,-0.297041581577,0.979855052384
1.985,-0.278991106039,0.982287250729
1.986,-0.26084150629,0.984564334529
1.987,-0.242599230795,0.986685944208
1.988,-0.224270760949,0.988651744738
1.989,-0.20586260877,0.990461425697
1.99,-0.187381314586,0.992114701314
1.991,-0.168833444713,0.99361131052
1.992,-0.150225589121,0.994951016981
1.993,-0.131564359092,0.996133609143
1.994,-0.112856384873,0.997158900261
1.995,-0.0941083133185,0.998026728428
1.996,-0.0753268055279,0.998736956606
1.997,-0.056518534482,0.999289472641
1.998,-0.0376901826699,0.999684189283
1.999,-0.0188484397154,0.999921044204
2,-1.46957615898e-15,1
